{
  "timestamp": "20250811_172509",
  "scenarios": [
    {
      "total_users": 10,
      "searches_per_user": 5,
      "total_requests": 50,
      "successful_requests": 50,
      "failed_requests": 0,
      "total_time": 2.0062270164489746,
      "requests_per_second": 24.922403890512893,
      "avg_response_time": 0.042547268867492674,
      "min_response_time": 0.0012967586517333984,
      "max_response_time": 0.1518080234527588,
      "p50_response_time": 0.03456234931945801,
      "p95_response_time": 0.14523818492889404,
      "p99_response_time": 0.14908401250839232,
      "max_concurrent_observed": 6,
      "cpu_during_load": 0.0,
      "memory_during_load": 82.8,
      "scenario": "Light Load"
    },
    {
      "total_users": 50,
      "searches_per_user": 5,
      "total_requests": 250,
      "successful_requests": 250,
      "failed_requests": 0,
      "total_time": 3.2656028270721436,
      "requests_per_second": 76.5555437199764,
      "avg_response_time": 0.2468255271911621,
      "min_response_time": 0.0014731884002685547,
      "max_response_time": 0.5639128684997559,
      "p50_response_time": 0.23000895977020264,
      "p95_response_time": 0.46391521692275983,
      "p99_response_time": 0.5585253453254699,
      "max_concurrent_observed": 16,
      "cpu_during_load": 2.5,
      "memory_during_load": 82.6,
      "scenario": "Medium Load"
    },
    {
      "total_users": 100,
      "searches_per_user": 5,
      "total_requests": 500,
      "successful_requests": 500,
      "failed_requests": 0,
      "total_time": 4.887652158737183,
      "requests_per_second": 102.2986054983881,
      "avg_response_time": 0.5606975579261779,
      "min_response_time": 0.04922318458557129,
      "max_response_time": 1.2359192371368408,
      "p50_response_time": 0.5549949407577515,
      "p95_response_time": 1.1212902307510375,
      "p99_response_time": 1.1848763251304626,
      "max_concurrent_observed": 23,
      "cpu_during_load": 0.0,
      "memory_during_load": 82.5,
      "scenario": "Heavy Load"
    },
    {
      "total_users": 100,
      "searches_per_user": 10,
      "total_requests": 1000,
      "successful_requests": 116,
      "failed_requests": 884,
      "total_time": 281.1417031288147,
      "requests_per_second": 3.556925169304448,
      "avg_response_time": 0.9377817511558533,
      "min_response_time": 0.05957484245300293,
      "max_response_time": 1.3460421562194824,
      "p50_response_time": 0.9764934778213501,
      "p95_response_time": 1.3061770796775818,
      "p99_response_time": 1.329150140285492,
      "max_concurrent_observed": 21,
      "cpu_during_load": 11.9,
      "memory_during_load": 82.5,
      "scenario": "Extended Heavy Load"
    }
  ],
  "summary": {
    "peak_throughput": 102.2986054983881,
    "best_avg_response_time": 0.042547268867492674,
    "max_concurrent_observed": 23
  }
}