{
  "timestamp": "20250811_184410",
  "scenarios": [
    {
      "total_users": 10,
      "searches_per_user": 5,
      "total_requests": 50,
      "successful_requests": 50,
      "failed_requests": 0,
      "total_time": 2.0792620182037354,
      "requests_per_second": 24.04699338623747,
      "avg_response_time": 0.02496501922607422,
      "min_response_time": 0.001306772232055664,
      "max_response_time": 0.07979798316955566,
      "p50_response_time": 0.026323556900024414,
      "p95_response_time": 0.06848198175430298,
      "p99_response_time": 0.07573001623153684,
      "max_concurrent_observed": 3,
      "cpu_during_load": 8.3,
      "memory_during_load": 76.8,
      "scenario": "Light Load"
    },
    {
      "total_users": 50,
      "searches_per_user": 5,
      "total_requests": 250,
      "successful_requests": 250,
      "failed_requests": 0,
      "total_time": 2.8373868465423584,
      "requests_per_second": 88.1092404811315,
      "avg_response_time": 0.15558129501342774,
      "min_response_time": 0.001107931137084961,
      "max_response_time": 0.6057438850402832,
      "p50_response_time": 0.08848857879638672,
      "p95_response_time": 0.5543255686759948,
      "p99_response_time": 0.6011386489868163,
      "max_concurrent_observed": 13,
      "cpu_during_load": 9.5,
      "memory_during_load": 76.2,
      "scenario": "Medium Load"
    },
    {
      "total_users": 100,
      "searches_per_user": 5,
      "total_requests": 500,
      "successful_requests": 500,
      "failed_requests": 0,
      "total_time": 5.511873960494995,
      "requests_per_second": 90.71324990078281,
      "avg_response_time": 0.6760624108314515,
      "min_response_time": 0.10253286361694336,
      "max_response_time": 1.106482982635498,
      "p50_response_time": 0.7122105360031128,
      "p95_response_time": 1.03634352684021,
      "p99_response_time": 1.0795734596252442,
      "max_concurrent_observed": 26,
      "cpu_during_load": 0.0,
      "memory_during_load": 76.3,
      "scenario": "Heavy Load"
    },
    {
      "total_users": 100,
      "searches_per_user": 10,
      "total_requests": 1000,
      "successful_requests": 114,
      "failed_requests": 886,
      "total_time": 280.1923770904541,
      "requests_per_second": 3.5689764667550947,
      "avg_response_time": 0.7393888381489536,
      "min_response_time": 0.0340421199798584,
      "max_response_time": 1.212244987487793,
      "p50_response_time": 0.9423295259475708,
      "p95_response_time": 1.1885577917099,
      "p99_response_time": 1.2068492984771728,
      "max_concurrent_observed": 25,
      "cpu_during_load": 15.0,
      "memory_during_load": 79.5,
      "scenario": "Extended Heavy Load"
    }
  ],
  "summary": {
    "peak_throughput": 90.71324990078281,
    "best_avg_response_time": 0.02496501922607422,
    "max_concurrent_observed": 26
  }
}